Umur,Penghasilan,Jangka Perpindahan,Kualitas Barang,Kesadaran Limbah,Distances_to_c1,Distances_to_c2,Distances_to_c3,Cluster
25,4,4,2,2,4.821825380496477,1.0583005244258363,3.7777777777777795,2
25,5,2,2,1,4.609772228646443,1.8761663039293717,3.922080576605066,2
25,5,5,1,1,3.947573094109003,1.9798989873223334,4.0612593072215715,2
24,2,4,1,2,6.726812023536855,2.3494680248941466,3.5969809013863663,2
25,4,2,1,1,5.469613027140646,1.5231546211727816,3.807075933113738,2
